
-- Povoamento Modalidade
insert into Modalidade (nome) values("Corrida de Pista");
insert into Modalidade (nome) values("Corrida de Obstáculos");
insert into Modalidade (nome) values("Corrida de Estafetas");
insert into Modalidade (nome) values("Salto em Comprimento");
insert into Modalidade (nome) values("Salto em Altura");
insert into Modalidade (nome) values("Lançamentos");


-- Povoamento Equipa
insert into Equipa (nome) values("N/A"); -- 1
insert into Equipa (nome) values("Sporting"); -- 2
insert into Equipa (nome) values("Benfica"); -- 3
insert into Equipa (nome) values("Braga"); -- 4
insert into Equipa (nome) values("Altis"); -- 5
insert into Equipa (nome) values("Racers Track Club"); -- 6
insert into Equipa (nome) values("Nike"); -- 7
insert into Equipa (nome) values("Athlétique Sport Aixois"); -- 8
insert into Equipa (nome) values("Adidas"); -- 9
insert into Equipa (nome) values("Puma"); -- 10
insert into Equipa (nome) values("GS Pétroliers"); -- 11
insert into Equipa (nome) values("Oregon Ducks"); -- 12
insert into Equipa (nome) values("New Balance"); -- 13
insert into Equipa (nome) values("NewHam and Essex Beagles"); -- 14
insert into Equipa (nome) values("United States Army"); -- 15
insert into Equipa (nome) values("Mesfin Industrial Engineering"); -- 16
insert into Equipa (nome) values("Kenya Police"); -- 17
insert into Equipa (nome) values("MVP Track & Field Club"); -- 18
insert into Equipa (nome) values("Seiko AC"); -- 19
insert into Equipa (nome) values("Mizuno Track Club"); -- 20
insert into Equipa (nome) values("Nippon Life"); -- 21
insert into Equipa (nome) values("Asics"); -- 22
insert into Equipa (nome) values("Kingston"); -- 23
insert into Equipa (nome) values("AKAN Track Club"); -- 24
insert into Equipa (nome) values("St. Louis Battlehawks"); -- 25
insert into Equipa (nome) values("Clube Oriental de Pechão"); -- 26
insert into Equipa (nome) values("Fenerbahçe Athletics"); -- 27
insert into Equipa (nome) values("Papa Léguas"); -- 28




-- Povoamento Codigo Postal
insert into Codigo_Postal (Localidade, codigo) values("Trelawny", "0000"); -- 1
insert into Codigo_Postal (Localidade, codigo) values("Braga", "4700"); -- 2
insert into Codigo_Postal (Localidade, codigo) values("Lisboa", "1000"); -- 3
insert into Codigo_Postal (Localidade, codigo) values("Porto", "4000"); -- 4
insert into Codigo_Postal (Localidade, codigo) values("Famalicão", "4760"); -- 5
insert into Codigo_Postal (Localidade, codigo) values("Brooklyn", "0001"); -- 6
insert into Codigo_Postal (Localidade, codigo) values("Culoz", "0002"); -- 7
insert into Codigo_Postal (Localidade, codigo) values("Ontario", "0003"); -- 8
insert into Codigo_Postal (Localidade, codigo) values("Cape Town", "0004"); -- 9
insert into Codigo_Postal (Localidade, codigo) values("Saint John", "0005"); -- 10
insert into Codigo_Postal (Localidade, codigo) values("Virginia", "0006"); -- 11
insert into Codigo_Postal (Localidade, codigo) values("Narok County", "0007"); -- 12
insert into Codigo_Postal (Localidade, codigo) values("Souk Ahras", "0008"); -- 13
insert into Codigo_Postal (Localidade, codigo) values("Ohio", "0009"); -- 14
insert into Codigo_Postal (Localidade, codigo) values("Maryland", "0010"); -- 15
insert into Codigo_Postal (Localidade, codigo) values("Lower Hutt", "0011"); -- 16
insert into Codigo_Postal (Localidade, codigo) values("Hargeisa", "0012"); -- 17
insert into Codigo_Postal (Localidade, codigo) values("Iten", "0014"); -- 18
insert into Codigo_Postal (Localidade, codigo) values("Tigray", "0015"); -- 19
insert into Codigo_Postal (Localidade, codigo) values("Chesubeno", "0016"); -- 20
insert into Codigo_Postal (Localidade, codigo) values("Spanish Town", "0017"); -- 21
insert into Codigo_Postal (Localidade, codigo) values("St. James", "0018"); -- 22
insert into Codigo_Postal (Localidade, codigo) values("Clermont", "0019"); -- 23
insert into Codigo_Postal (Localidade, codigo) values("Hiroshima", "0020"); -- 24
insert into Codigo_Postal (Localidade, codigo) values("Shizuoka", "0021"); -- 25
insert into Codigo_Postal (Localidade, codigo) values("Hikone", "0022"); -- 26
insert into Codigo_Postal (Localidade, codigo) values("Osaka", "0023"); -- 27
insert into Codigo_Postal (Localidade, codigo) values("Alberta", "0024"); -- 28
insert into Codigo_Postal (Localidade, codigo) values("Florida", "0025"); -- 29
insert into Codigo_Postal (Localidade, codigo) values("Oklahoma", "0026"); -- 30
insert into Codigo_Postal (Localidade, codigo) values("Kingston", "0027"); -- 31
insert into Codigo_Postal (Localidade, codigo) values("Washington", "0028"); -- 32
insert into Codigo_Postal (Localidade, codigo) values("Freeport", "0029"); -- 33
insert into Codigo_Postal (Localidade, codigo) values("Central Abaco", "0030"); -- 34
insert into Codigo_Postal (Localidade, codigo) values("Eleuthera", "0031"); -- 35
insert into Codigo_Postal (Localidade, codigo) values("Clarendon", "0032"); -- 36
insert into Codigo_Postal (Localidade, codigo) values("Artemisa", "0033"); -- 37
insert into Codigo_Postal (Localidade, codigo) values("Martinique", "0034"); -- 38
insert into Codigo_Postal (Localidade, codigo) values("Port of Spain", "0035"); -- 39
insert into Codigo_Postal (Localidade, codigo) values("Oliveira de Azeméis", "3720"); -- 40
insert into Codigo_Postal (Localidade, codigo) values("Brazzaville", "0037"); -- 41
insert into Codigo_Postal (Localidade, codigo) values("Beja", "7800"); -- 42
insert into Codigo_Postal (Localidade, codigo) values("Guimarães", "4800"); -- 43
insert into Codigo_Postal (Localidade, codigo) values("Setúbal", "2900"); -- 44
insert into Codigo_Postal (Localidade, codigo) values("São Jorge de Arroios", "1072"); -- 45
insert into Codigo_Postal (Localidade, codigo) values("Laikipia County", "0038"); -- 46
insert into Codigo_Postal (Localidade, codigo) values("Havana", "0039"); -- 47


-- Povoamento Escalao
insert into Escalao (descricao) values("Senior");
insert into Escalao (descricao) values("Juniores(Sub20)");
insert into Escalao (descricao) values("Juvenil(Sub18)");


-- Povoamento Atleta
insert into Atleta values(999, "Usain Bolt", "usainbolt@bolt.com","1986-08-21", "Jamaica", "Masculino", 6, 1, 1);
insert into Atleta values(0, "Sergio Vieira", "serpor@outlook.com", "1976-02-20", "Portugal", "Masculino", 1, 3, 1);
insert into Atleta values(1, "Pedro Isidro", "50kmped@gmail.com", "1985-07-17", "Portugal", "Masculino", 3, 3, 1);
insert into Atleta values(2, "Ricardo Ribas", "ricpor@outlook.com", "1997-10-08", "Portugal", "Masculino", 4, 2, 1); 
insert into Atleta values(3, "Tsanko Arnaudov", "tsa14@hotmail.com", "1992-03-14", "Portugal", "Masculino", 3, 3, 1); 

insert into Atleta values(4, "Nelson Évora", "nelpor@outlook.com", "1984-04-20", "Portugal", "Masculino", 2, 3, 1);
insert into Atleta values(6, "Justin Gatlin", "jusesta@randomemailgenerator.com", "1982-02-10", "Estados Unidos", "Masculino", 7, 6, 1);
insert into Atleta values(7, "Andre De Grasse", "andcan@outlook.com", "1994-11-10", "Canadá", "Masculino", 5, 8, 1);
insert into Atleta values(8, "Christophe Lemaitre", "chrfra@outlook.com", "1990-06-11", "França", "Masculino", 8, 7, 1);
insert into Atleta values(9, "Wayde van Niekerk", "wayaf@hotmail.com", "1992-07-15", "Africa do Sul", "Masculino", 9, 9, 1);
insert into Atleta values(10, "Kirani James", "400mkir@gmail.com", "1992-09-01", "Granada", "Masculino", 10, 10, 1);
insert into Atleta values(11, "LaShawn Merritt", "lases@hotmail.com", "1986-06-27", "Estados Unidos", "Masculino", 7, 11, 1);
insert into Atleta values(12, "David Rudisha", "davquê@outlook.com", "1988-12-17", "Quênia", "Masculino", 7, 12, 1);
insert into Atleta values(13, "Taoufik Makhloufi", "taoar@hotmail.com", "1988-04-26", "Argelia", "Masculino", 11, 13, 1);
insert into Atleta values(14, "Clayton Murphy", "claes@hotmail.com", "1995-02-26", "Estados Unidos", "Masculino", 7, 14, 1);
insert into Atleta values(15, "Matthew Centrowitz", "matesta@randomemailgenerator.com", "1989-09-18", "Estados Unidos", "Masculino", 12, 15, 1);
insert into Atleta values(16, "Nick Willis", "nicnov@outlook.com", "1983-04-25", "Nova Zelândia", "Masculino", 13, 16, 1);
insert into Atleta values(17, "Mo Farah", "5000mo @gmail.com", "1983-03-23", "Inglaterra", "Masculino", 14, 17, 1);
insert into Atleta values(18, "Paul Chelimo", "5000pau@gmail.com", "1990-10-27", "Quênia", "Masculino", 15, 18, 1);
insert into Atleta values(19, "Hagos Gebrhiwet", "haget@hotmail.com", "1994-04-11", "Etiopia", "Masculino", 16, 19, 1);
insert into Atleta values(20, "Paul Tanui", "1000pau@gmail.com", "1990-12-22", "Quênia", "Masculino", 17, 20, 1);
insert into Atleta values(21, "Asafa Powell", "asajam@outlook.com", "1982-11-23", "Jamaica", "Masculino", 18, 21, 1);
insert into Atleta values(22, "Yohan Blake", "4x10yoh@gmail.com", "1982-12-26", "Jamaica", "Masculino", 6, 22, 1);
insert into Atleta values(23, "Nickel Ashmeade", "nicjam@outlook.com", "1982-11-23", "Jamaica", "Masculino", 10, 23, 1);
insert into Atleta values(24, "Ryota Yamagata", "ryoja@hotmail.com", "1992-06-10", "Japão", "Masculino", 19, 24, 1);
insert into Atleta values(25, "Shota Iizuka", "shoja@hotmail.com", "1991-06-25", "Japão", "Masculino", 20, 25, 1);
insert into Atleta values(26, "Yoshihide Kiryu", "yosjap@outlook.com", "1995-12-15", "Japão", "Masculino", 21, 26, 1);
insert into Atleta values(27, "Asuka Cambridge", "asuja@hotmail.com", "1993-05-31", "Japão", "Masculino", 22, 27, 1);
insert into Atleta values(28, "Akeem Haynes", "akecan@outlook.com", "1992-03-11", "Canadá", "Masculino", 7, 28, 1);
insert into Atleta values(29, "Brendon Rodney", "breca@hotmail.com", "1992-04-09", "Canadá", "Masculino", 23, 8, 1);
insert into Atleta values(30, "Arman Hall", "armes@hotmail.com", "1994-02-12", "Estados Unidos", "Masculino", 7, 29, 1);
insert into Atleta values(31, "Tony McQuay", "tones@hotmail.com", "1990-04-16", "Estados Unidos", "Masculino", 7, 29, 1);
insert into Atleta values(32, "Gil Roberts", "400mgil@gmail.com", "1989-03-15", "Estados Unidos", "Masculino", 7, 30, 1);
insert into Atleta values(33, "Nathon Allen", "natja@hotmail.com", "1995-11-28", "Jamaica", "Masculino", 10, 31, 1);
insert into Atleta values(34, "Fitzroy Dunkley", "fitjam@outlook.com", "1993-05-20", "Jamaica", "Masculino", 10, 31, 1);
insert into Atleta values(35, "Javon Francis", "javja@hotmail.com", "1994-12-14", "Jamaica", "Masculino", 24, 31, 1);
insert into Atleta values(36, "Alonzo Russell", "alobah@outlook.com", "1992-02-08", "Bahamas", "Masculino", 25, 32, 1);
insert into Atleta values(37, "Michael Mathieu", "micba@hotmail.com", "1984-06-24", "Bahamas", "Masculino", 9, 33, 1);
insert into Atleta values(38, "Steven Gardiner", "steba@hotmail.com", "1995-09-12", "Bahamas", "Masculino", 10, 34, 1);
insert into Atleta values(39, "Chris Brown", "chrba@hotmail.com", "1978-10-15", "Bahamas", "Masculino", 10, 35, 1);
insert into Atleta values(40, "Omar McLeod", "omaja@hotmail.com", "1994-04-25", "Jamaica", "Masculino", 7, 36, 1);
insert into Atleta values(41, "Orlando Ortega", "orles@hotmail.com", "1991-07-29", "Espanha", "Masculino", 9, 37, 1);
insert into Atleta values(42, "Dimitri Bascou", "110mdim@gmail.com", "1987-07-20", "França", "Masculino", 22, 38, 1);
insert into Atleta values(43, "Kerron Clement", "kerest@outlook.com", "1985-10-31", "Estados Unidos", "Masculino", 7, 39, 1);
insert into Atleta values(44, "Boniface Tumuti", "400mbon@gmail.com", "1992-05-02", "Quênia", "Masculino", 7, 46, 1);
insert into Atleta values(45, "Yasmani Copello", "yastu@hotmail.com", "1987-04-15", "Turquia", "Masculino", 27, 47, 1);

insert into Atleta values(80, "João Miguel", "joaozinho23@sapo.pt", "2003-04-18", "Portugal", "Masculino", 2, 3, 3);
insert into Atleta values(81, "José Nuno", "jnuno@gmail.com", "2000-07-23", "Portugal", "Masculino", 4, 5, 2);
insert into Atleta values(82, "Maria Cristina", "mcris@hotmail.com", "2000-02-01", "Portugal", "Feminino", 3, 3, 3);
insert into Atleta values(83, "Carlos Silva", "carlitos@outlook.com", "2001-11-05", "Portugal", "Masculino", 9, 3, 2);
insert into Atleta values(84, "Tomás Azevedo", "tomazito@sapo.pt", "2005-08-06", "Portugal", "Masculino", 28, 5, 3);

insert into Atleta values(1000, "Cátia Azevedo", "catpo@hotmail.com", "1994-03-09", "Portugal", "Feminino", 2, 40, 1);
insert into Atleta values(1001, "Lorène Bazolo", "100mlor@gmail.com", "1983-5--4-", "Portugal", "Feminino", 2, 41, 1);
insert into Atleta values(1002, "Ana Cabecinha", "anapor@outlook.com", "1984-04-29", "Portugal", "Feminino", 26, 42, 1);
insert into Atleta values(1003, "Dulce Félix", "dulpo@hotmail.com", "1982-10-23", "Portugal", "Feminino", 3, 43, 1);
insert into Atleta values(1004, "Susana Costa", "suspor@outlook.com", "1984-09-22", "Portugal", "Feminino", 3, 44, 1);
insert into Atleta values(1005, "Patrícia Mamona", "patpor@outlook.com", "1988-11-21", "Portual", "Feminino", 2, 45, 1);
insert into Atleta values(1006, "Marta Onofre", "marpor@outlook.com", "1999-01-28", "Portugal", "Feminino", 2, 3, 1);


-- Povoamento Especialidade
insert into Especialidade values(1, "Cardiologia");
insert into Especialidade values(2, "Oftalmologia");
insert into Especialidade values(3, "Ortopedia");
insert into Especialidade values(4, "Medicina Desportiva");


-- Povoamento Medico
insert into Medico values(1111111111, "Pinto Varandas", "1960-01-12", "pinto_dcd@ddc.com", 2, 1);
insert into Medico values(1111111112, "João Araújo", "1969-05-20", "joaoAraujo@hotmail.com", 3, 1);
insert into Medico values(1111111113, "Pedro Machado", "1970-02-23", "pedroMachado@gmail.com", 5, 2);
insert into Medico values(1111111114, "João Azevedo", "1970-10-15", "jotaAz@gmail.com", 5, 3);
insert into Medico values(1111111115, "Paulo Araújo", "1970-09-28", "paulob2@sapo.pt", 5, 3);
insert into Medico values(1111111116, "Paulo Lima", "1970-04-20", "liminha@sapo.pt", 5, 1);


-- Povoamento Teste Clinico
-- consideramos a pressao arterial sistolica
insert into Teste_Clinico (altura, peso, pressao_arterial, freq_cardiaca, indice_massa_corporal, data)
values(196, 86.0, 110, 80, 25.0, "2019-11-30T15:00:00"); -- 1
insert into Teste_Clinico (altura, peso, pressao_arterial, freq_cardiaca, indice_massa_corporal, data)
values(175, 58, 113, 85, 23, "2019-12-01T11:30:00"); -- 2
insert into Teste_Clinico (altura, peso, pressao_arterial, freq_cardiaca, indice_massa_corporal, data)
values(175, 58, 120, 76, 23.4, "2019-09-01T16:00:00"); -- 3
insert into Teste_Clinico values(); -- 4  este teste clinico ainda não foi realizado, mas já houve Marcacao
insert into Teste_Clinico (altura, peso, pressao_arterial, freq_cardiaca, indice_massa_corporal, data)
values(184, 62, 117, 80, 24.1, "2018-07-12T10:00:00"); -- 5
insert into Teste_Clinico (altura, peso, pressao_arterial, freq_cardiaca, indice_massa_corporal, data)
values(184, 62, 117, 80, 24.0, "2018-07-15T11:05:00"); -- 6
insert into Teste_Clinico (altura, peso, pressao_arterial, freq_cardiaca, indice_massa_corporal, data)
values(183, 72, 111, 72, 22.3, "2017-05-10T10:15:00"); -- 7
insert into Teste_Clinico (altura, peso, pressao_arterial, freq_cardiaca, indice_massa_corporal, data)
values(183, 72, 109, 74, 22.4, "2018-06-23T12:00:00"); -- 8
insert into Teste_Clinico (altura, peso, pressao_arterial, freq_cardiaca, indice_massa_corporal, data)
values(185, 83, 120, 77, 24.3, "2019-02-05T15:45:00"); -- 9
insert into Teste_Clinico (altura, peso, pressao_arterial, freq_cardiaca, indice_massa_corporal, data)
values(176, 70, 115, 76, 22.6, "2016-08-03T16:30:00"); -- 10
insert into Teste_Clinico (altura, peso, pressao_arterial, freq_cardiaca, indice_massa_corporal, data)
values(191, 80, 110, 86, 21.9, "2017-07-29T14:55:00"); -- 11
insert into Teste_Clinico (altura, peso, pressao_arterial, freq_cardiaca, indice_massa_corporal, data)
values(190, 76, 111, 78, 21.1, "2019-09-01T09:20:00"); -- 12

-- Povoamento Marcacao
insert into Marcacao (data_Agendada, nif_Atleta, nif_Medico, idTeste_Clinico) values("2019-11-30T15:00:00", 00000000000, 1111111111, 1);
insert into Marcacao (data_Agendada, nif_Atleta, nif_Medico, idTeste_Clinico) values("2019-12-01T11:30:00",00000000001, 1111111115, 2);
insert into Marcacao (data_Agendada, nif_Atleta, nif_Medico, idTeste_Clinico) values("2019-09-01T16:00:00", 00000000002, 1111111112, 3);
insert into Marcacao (data_Agendada, nif_Atleta, nif_Medico, idTeste_Clinico) values("2020-03-05T12:00:00", 00000000003, 1111111112, 4);
insert into Marcacao (data_Agendada, nif_Atleta, nif_Medico, idTeste_Clinico) values("2018-07-12T10:00:00", 00000000003, 1111111113, 5);
insert into Marcacao (data_Agendada, nif_Atleta, nif_Medico, idTeste_Clinico) values("2018-07-15T11:00:00", 00000000003, 1111111114, 6);

insert into Marcacao (data_Agendada, nif_Atleta, nif_Medico, idTeste_Clinico) values("2019-11-30T15:00:00", 00000000004, 1111111111, 7);
insert into Marcacao (data_Agendada, nif_Atleta, nif_Medico, idTeste_Clinico) values("2019-12-01T11:30:00",00000000004, 1111111113, 8);
insert into Marcacao (data_Agendada, nif_Atleta, nif_Medico, idTeste_Clinico) values("2019-09-01T16:00:00", 00000000006, 1111111116, 9);
insert into Marcacao (data_Agendada, nif_Atleta, nif_Medico, idTeste_Clinico) values("2020-03-05T12:00:00", 00000000007, 1111111116, 10);
insert into Marcacao (data_Agendada, nif_Atleta, nif_Medico, idTeste_Clinico) values("2018-07-12T10:00:00", 000000000010, 1111111115, 11);
insert into Marcacao (data_Agendada, nif_Atleta, nif_Medico, idTeste_Clinico) values("2018-07-15T11:00:00", 000000000012, 1111111114, 12);


-- Povoamento Exame
insert into Exame (nome, descricao, preco, idTeste_Clinico, nif_Medico) values("rotina", "Aprovado", 30.0, 1, 1111111111);
insert into Exame (nome, descricao, preco, idTeste_Clinico, nif_Medico) values("avaliação sanguinea", "Aprovado", 60.0, 1, 1111111116);
insert into Exame (nome, descricao, preco, idTeste_Clinico, nif_Medico) values("avaliação física", "Aprovado", 40.0, 2, 1111111115);
insert into Exame (nome, descricao, preco, idTeste_Clinico, nif_Medico) values("rotina", "Aprovado", 30.0, 3, 1111111112);
insert into Exame (nome, descricao, preco, idTeste_Clinico, nif_Medico) values("avaliação sanguinea", "Reprovado", 60.0, 3, 1111111115);
insert into Exame (nome, descricao, preco, idTeste_Clinico, nif_Medico) values("avaliação cardiaca", "Aprovado", 20.0, 3, 1111111116);
insert into Exame (nome, descricao, preco, idTeste_Clinico, nif_Medico) values("avaliação cardiaca", "Reprovado", 20.0, 5, 1111111113);
insert into Exame (nome, descricao, preco, idTeste_Clinico, nif_Medico) values("avaliação física", "Reprovado", 40.0, 6, 1111111114);
insert into Exame (nome, descricao, preco, idTeste_Clinico, nif_Medico) values("avaliação cardiaca", "Aprovado", 20.0, 6, 1111111113);

insert into Exame (nome, descricao, preco, idTeste_Clinico, nif_Medico) values("avaliação sanguinea", "Aprovado", 60.0, 7, 1111111115);
insert into Exame (nome, descricao, preco, idTeste_Clinico, nif_Medico) values("avaliação cardiaca", "Reprovado", 20.0, 8, 1111111116);
insert into Exame (nome, descricao, preco, idTeste_Clinico, nif_Medico) values("avaliação cardiaca", "Aprovado", 20.0, 9, 1111111113);
insert into Exame (nome, descricao, preco, idTeste_Clinico, nif_Medico) values("avaliação sanguinea", "Reprovado", 60.0, 9, 1111111116);
insert into Exame (nome, descricao, preco, idTeste_Clinico, nif_Medico) values("avaliação física", "Aprovado", 40.0, 10, 1111111115);
insert into Exame (nome, descricao, preco, idTeste_Clinico, nif_Medico) values("rotina", "Aprovado", 30.0, 10, 1111111111);
insert into Exame (nome, descricao, preco, idTeste_Clinico, nif_Medico) values("rotina", "Aprovado", 30.0, 11, 1111111112);
insert into Exame (nome, descricao, preco, idTeste_Clinico, nif_Medico) values("avaliação física", "Reprovado", 40.0, 11, 1111111114);
insert into Exame (nome, descricao, preco, idTeste_Clinico, nif_Medico) values("avaliação cardiaca", "Aprovado", 20.0, 12, 1111111113);

-- Povoamento Categoria
insert into Categorias_Modalidade values("100m", 00000000000, 1);
insert into Categorias_Modalidade values("20km Marcha", 00000000001, 1);
insert into Categorias_Modalidade values("50km Marcha", 00000000002, 1);
insert into Categorias_Modalidade values("Maratona", 00000000003, 1);


select * from Atleta;
select * from Categorias_Modalidade;
select * from Codigo_Postal;
select * from Equipa;
select * from Escalao;
select * from Exame;
select * from Marcacao;
select * from Medico;
select * from Modalidade;
select * from Teste_Clinico;
select * from Especialidade;
